{
    "brim_type": "no_brim",
    "enable_support": "1",
    "from": "User",
    "gap_infill_speed": "200",
    "inherits": "0.20mm Standard @Creality K1Max (0.4 nozzle)",
    "initial_layer_infill_speed": "100",
    "inner_wall_speed": "150",
    "internal_solid_infill_speed": "200",
    "is_custom_defined": "0",
    "max_volumetric_extrusion_rate_slope": "10",
    "name": "0.20mm Standard @Creality K1Max (0.4 nozzle) - Copy",
    "print_settings_id": "0.20mm Standard @Creality K1Max (0.4 nozzle) - Copy",
    "seam_position": "back",
    "small_perimeter_speed": "80",
    "sparse_infill_pattern": "gyroid",
    "sparse_infill_speed": "250",
    "support_threshold_angle": "5",
    "version": "2.3.0.3"
}
