{
    "activate_air_filtration": [
        "1"
    ],
    "additional_cooling_fan_speed": [
        "80"
    ],
    "dont_slow_down_outer_wall": [
        "1"
    ],
    "fan_cooling_layer_time": [
        "100"
    ],
    "fan_max_speed": [
        "100"
    ],
    "fan_min_speed": [
        "100"
    ],
    "filament_settings_id": [
        "My Creality Generic PETG"
    ],
    "from": "User",
    "inherits": "Creality Generic PETG",
    "is_custom_defined": "0",
    "name": "My Creality Generic PETG",
    "nozzle_temperature": [
        "240"
    ],
    "nozzle_temperature_initial_layer": [
        "240"
    ],
    "version": "2.3.1.10"
}
